comment,ross_order,dmw_product,ross_code,qty,same_next_day,date,week,qty_day,achieved,qty_aft,achieved_1,qty_nght,achieved_2,kg_sht,planned_totals,act_totals,sheets_per_hour,spm,c_wires
251084,IMB45-66-5117-DEN,IMB45-66-5117-DEN,SMB5118151505,,S,2025-05-30,22,,74,,,,,28.27,0.0,2.09198,25,,
250356,IMG5-44-5716,IMG5-44-5716,SMF5716101005G,,S,2025-05-30,22,,,,610,,,35.57,0.0,21.6977,25,,
250356,,IMG5-44-5716,SMF5716101005G,,N,2025-05-31,22,,510,,510,,,35.57,0.0,36.281400000000005,25,,
250356,,IMG5-44-5716,SMF5716101005G,,N,2025-06-01,23,,,,510,,,35.57,0.0,18.1407,25,,
250356,,IMG5-44-5716,SMF5716101005G,,N,2025-06-02,23,,,,510,,,35.57,0.0,18.1407,25,,
250356,,IMG5-44-5716,SMF5716101005G,,N,2025-06-03,23,,90,,,,,35.57,0.0,3.2013000000000003,25,,
251128,IMG3H-44-2417-DQL,IMG3H-44-2417-DQL,SMF3H24171010G,,S,2025-06-03,23,,900,,1500,,,5.25,0.0,12.6,25,,
251128,,IMG3H-44-2417-DQL,SMF3H24171010G,,N,2025-06-04,23,,1300,,1250,,,5.25,0.0,13.3875,25,,
250356,IMG5-44-5716,IMG5-44-5716,SMF5716101005G,,N,2025-06-05,23,,450,,390,,,35.57,0.0,29.8788,25,,
251128,IMG3H-44-2417-DQL,IMG3H-44-2417-DQL,SMF3H24171010G,,S,2025-06-05,23,,,,500,,,5.25,0.0,2.625,25,,
251128,,IMG3H-44-2417-DQL,SMF3H24171010G,,N,2025-06-06,23,,650,,400,,,5.25,0.0,5.5125,25,,
250672,IMB3.15-44-2420,IMB3H-44-2420-DCLA,SMF2420101003,,S,2025-06-06,23,,,,700,,,9.15,0.0,6.405,25,,
250356,IMG5-44-5716,IMG5-44-5716,SMF5716101005G,,S,2025-06-06,23,,90,,,,,35.57,0.0,3.2013000000000003,25,,
250356,,IMG5-44-5716,SMF5716101005G,,N,2025-06-07,23,,,,,,,,0.0,0.0,25,,
250356,,IMG5-44-5716,SMF5716101005G,,N,2025-06-08,24,,,,,,,,0.0,0.0,25,,
250356,,IMG5-44-5716,SMF5716101005G,,N,2025-06-09,24,,300,,,,,35.57,0.0,10.671,25,,
250298,IMB5-44-5014-JNA,IMB5-44-5014-JNA,CC5014101005,,S,2025-06-09,24,,88,,352,,,25.25,0.0,11.11,25,,
250298,,IMB5-44-5014-JNA,CC5014101005,,N,2025-06-10,24,,440,,,,,25.25,0.0,11.11,25,,
250356,IMG5-44-5716,IMG5-44-5716,SMF5716101005G,,S,2025-06-10,24,,,,630,,,35.57,0.0,22.4091,25,,
250298,IMB5-44-5014-JNA,IMB5-44-5014-JNA,CC5014101005,,N,2025-06-11,24,,418,,682,,,25.25,0.0,27.775,25,,
250298,,IMB5-44-5014-JNA,CC5014101005,,N,2025-06-12,24,,308,,264,,,25.25,0.0,14.443,25,,
250356,IMG5-44-5716,IMG5-44-5716,SMF5716101005G,,S,2025-06-12,24,,,,360,,,35.57,0.0,12.8052,25,,
250356,,IMG5-44-5716,SMF5716101005G,,N,2025-06-13,24,,360,,330,,,35.57,0.0,24.5433,25,,
250356,IMB5-44-5716,IMG5-44-5716,SMF5716101005G,,S,2025-06-13,24,,,,180,,,35.57,0.0,6.4026000000000005,25,,
250356,,IMG5-44-5716,SMF5716101005G,,N,2025-06-14,24,,510,,510,,,35.57,0.0,36.281400000000005,25,,
251128,IMB5-44-4814-JCR,IMB45-46-4814-JCR,SMB48141015045,,N,2025-06-15,25,,,,510,,,24.76,0.0,12.6276,25,,
251128,,IMB45-46-4814-JCR,SMB48141015045,,N,2025-06-16,25,,570,,,,,24.76,0.0,14.1132,25,,
250356,IMB5-44-5716,IMG5-44-5716,SMF5716101005G,,S,2025-06-16,25,,,,360,,,35.57,0.0,12.8052,25,,
250356,,IMG5-44-5716,SMF5716101005G,,N,2025-06-17,25,,360,,,,,35.57,0.0,12.8052,25,,
251084,IMLG5-64-5113,IMB5-64-5113 JMOL (new),SMB5113515105S,,S,2025-06-17,25,,,,506,,,22.2,0.0,11.233199999999998,25,,
251084,,IMB5-64-5113 JMOL (new),SMB5113515105S,,N,2025-06-18,25,,,,704,,,22.2,0.0,15.6288,25,,
251084,IMG5H44-4524-packing for loading ,IMG5H-44-4524,CCP45241010056G,,S,2025-06-18,25,,1400,,,,,49.5,0.0,69.3,25,,
251084,IMLG5-64-5113,IMB5-64-5113 JMOL (new),SMB5113515105S,,N,2025-06-19,25,,396,,198,,,22.2,0.0,13.1868,25,,
250399,IMB4H-44-5024,IMB4H-44-5024,SMB4H50241010,,S,2025-06-19,25,,,,350,,,30.9,0.0,10.815,25,,
250399,,IMB4H-44-5024,SMB4H50241010,,N,2025-06-20,25,,450,,500,,,30.9,0.0,29.355,25,,
250399,,IMB4H-44-5024,SMB4H50241010,,N,2025-06-21,25,,450,,500,,,30.9,0.0,29.355,25,,
250399,,IMB4H-44-5024,SMB4H50241010,,N,2025-06-22,26,,150,,300,,,30.9,0.0,13.905,25,,
251084,IMLG5-64-5113,IMB5-64-5113 JMOL (new),SMB5113515105S,,S,2025-06-22,26,,,,220,,,22.2,0.0,4.884,25,,
251084,,IMB5-64-5113 JMOL (new),SMB5113515105S,,N,2025-06-23,26,,550,,704,,,22.2,0.0,27.8388,25,,
251084,,IMB5-64-5113 JMOL (new),SMB5113515105S,,N,2025-06-24,26,,286,,396,,,22.2,0.0,15.1404,25,,
250356,IMB5-44-5716,IMG5-44-5716,SMF5716101005G,,S,2025-06-24,26,,90,,,,,35.57,0.0,3.2013000000000003,25,,
250356,,IMG5-44-5716,SMF5716101005G,,N,2025-06-25,26,,450,,510,,,35.57,0.0,34.1472,25,,
250356,,IMG5-44-5716,SMF5716101005G,,N,2025-06-26,26,,300,,60,,,35.57,0.0,12.8052,25,,
251128,IMB5-44-4814-JCR,IMB45-46-4814-JCR,SMB48141015045,,S,2025-06-26,26,,30,,,,,24.76,0.0,0.7428,25,,
251128,IMG3H-44-2417-DQL,IMG3H-44-2417-DQL,SMF3H24171010G,,S,2025-06-26,26,,,,1000,,,5.25,0.0,5.25,25,,
251128,IMG3H-44-2417-DQL,IMG3H-44-2417-DQL,SMF3H24171010G,,N,2025-06-27,26,,,,,,,5.25,0.0,0.0,25,,
251128,IMG3H-44-2417-DQL,IMG3H-44-2417-DQL,SMF3H24171010G,,N,2025-06-28,26,,1000,,1200,,,5.25,0.0,11.55,25,,
251128,IMG3H-44-2417-DQL,IMG3H-44-2417-DQL,SMF3H24171010G,,N,2025-06-29,27,,1200,,1200,,,5.25,0.0,12.6,25,,
251128,IMG3H-44-2417-DQL,IMG3H-44-2417-DQL,SMF3H24171010G,,N,2025-06-30,27,,1000,,,,,5.25,0.0,5.25,25,,
250356,IMB5-44-5716,IMG5-44-5716,SMF5716101005G,,S,2025-06-30,27,,,,600,,,35.57,0.0,21.342,25,,
250356,IMB5-44-5716,IMG5-44-5716,SMF5716101005G,,N,2025-07-01,27,,390,,600,,,35.57,0.0,35.2143,25,,
251128,IMG3H-44-2417-DQL,IMG3H-44-2417-DQL,SMF3H24171010G,,N,2025-07-02,27,,500,,900,,,5.25,0.0,7.35,25,,
251084,IMG5H44-4524-packing for loading ,IMG5H-44-4524,CCP45241010056G,,S,2025-07-02,27,,,,550,,,49.5,0.0,27.225,25,,
,IMG5H44-4524-packing for loading ,IMG5H-44-4524,CCP45241010056G,,N,2025-07-03,27,,100,,,,,49.5,0.0,4.95,25,,
250399,IMB4H-44-5024,IMB4H-44-5024,SMB4H50241010,,S,2025-07-03,27,,75,,,,,22.2,0.0,1.665,25,,
251128,IMG3H-44-2417-DQL,IMG3H-44-2417-DQL,SMF3H24171010G,,S,2025-07-03,27,,350,,1600,,,5.25,0.0,10.2375,25,,
251293,IMG3H-44-2417-DQL,IMG3H-44-2417-DQL,SMF3H24171010G,,N,2025-07-04,27,,1050,,1600,,,5.25,0.0,13.9125,25,,
250356,IMB5-44-5716,IMG5-44-5716,SMF5716101005G,,S,2025-07-04,27,,30,,,,,35.57,0.0,1.0671,25,,
251293,IMG3H-44-2417-DQL,IMG3H-44-2417-DQL,SMF3H24171010G,,N,2025-07-05,27,,50,,,,,5.25,0.0,0.2625,25,,
251330,IMB5-64-5113,IMB5-64-5113 JMOL (new),SMB5113515105S,,S,2025-07-05,27,,462,,506,,,22.2,0.0,21.4896,25,,
251330,IMB5-64-5113,IMB5-64-5113 JMOL (new),SMB5113515105S,,N,2025-07-06,28,,506,,506,,,22.2,0.0,22.4664,25,,
251330,IMB5-64-5113,IMB5-64-5113 JMOL (new),SMB5113515105S,,N,2025-07-07,28,,462,,704,,,22.2,0.0,25.8852,25,,
251330,IMB5-64-5113,IMB5-64-5113 JMOL (new),SMB5113515105S,,N,2025-07-08,28,,506,,,,,22.2,0.0,11.233199999999998,25,,
251293,IMG3H-44-2417-DQL,IMG3H-44-2417-DQL,SMF3H24171010G,,S,2025-07-08,28,,,,1050,,,5.25,0.0,5.5125,25,,
251279,R500SL41 Packing,R500SL41,SL41,,S,2025-07-08,28,,,,700,,,30.0,0.0,21.0,25,,
,R500SL41 Packing,R500SL41,SL41,,N,2025-07-09,28,,400,,600,,,30.0,0.0,30.0,25,,
251293,IMG3H-44-2417-DQL,IMG3H-44-2417-DQL,SMF3H24171010G,,S,2025-07-09,28,,700,,900,,,5.25,0.0,8.4,25,,
,IMG3H-44-2417-DQL,IMG3H-44-2417-DQL,SMF3H24171010G,,N,2025-07-10,28,,50,,,,,5.25,0.0,0.2625,25,,
251279,R500SL41 Packing,R500SL41,SL41,,S,2025-07-10,28,,100,,,,,30.0,0.0,3.0,25,,
251083,IMB544-4524,IMB5-44-4524,SMF4524101005,,S,2025-07-10,28,,400,,150,,,30.55,0.0,16.8025,25,,
251084,IMB544-5014 JNA,IMB5-44-5014-JNA,CC5014101005,,S,2025-07-10,28,,,,528,,,25.25,0.0,13.332,25,,
,IMB544-5014 JNA,IMB5-44-5014-JNA,CC5014101005,,N,2025-07-11,28,,,,506,,,25.25,0.0,12.7765,25,,
251279,R500SL41 Packing,R500SL41,SL41,,S,2025-07-11,28,,100,,,,,30.0,0.0,3.0,25,,
251083,IMB544-4524,IMB5-44-4524,SMF4524101005,,S,2025-07-11,28,,450,,,,,30.55,0.0,13.7475,25,,
251084,IMB544-5014 JNA,IMB5-44-5014-JNA,CC5014101005,,N,2025-07-12,28,,506,,,,,25.25,0.0,12.7765,25,,
250672,IMB546-5016-JNA,IMB5-46-5016-JNA,SMB5016151005S,,S,2025-07-12,28,,,,506,,,24.54,0.0,12.41724,25,,
,IMB546-5016-JNA,IMB5-46-5016-JNA,SMB5016151005S,,N,2025-07-13,29,,66,,506,,,24.54,0.0,14.03688,25,,
251330,IMB5-64-5113,IMB5-64-5113 JMOL (new),SMB5113515105S,,S,2025-07-13,29,,132,,,,,22.2,0.0,2.9304,25,,
251543,IMB5-64-5113,IMB5-64-5113 JMOL (new),SMB5113515105S,,S,2025-07-13,29,,286,,,,,22.2,0.0,6.3492,25,,
250672,IMB546-5016-JNA,IMB5-46-5016-JNA,SMB5016151005S,,N,2025-07-14,29,,374,,704,,,24.54,0.0,26.45412,25,,
,IMB546-5016-JNA,IMB5-46-5016-JNA,SMB5016151005S,,N,2025-07-15,29,,220,,,,,24.54,0.0,5.3988000000000005,25,,
251084,IMB544-5014 JNA,IMB5-44-5014-JNA,CC5014101005,,S,2025-07-15,29,,242,,,,,25.25,0.0,6.1105,25,,
251084,IMB45-66-5111,IMB45-66-5111,SMB5112151504,,S,2025-07-15,29,,,,660,,,25.84,0.0,17.0544,25,,
,IMB45-66-5111,IMB45-66-5111,SMB5112151504,,N,2025-07-16,29,,390,,,,,25.84,0.0,10.0776,25,,
251084,IMB45-66-5117-DEN,IMB45-66-5117-DEN,SMB5118151505,,N,2025-07-17,29,,,,660,,,28.27,0.0,18.6582,25,,
,IMB45-66-5117-DEN,IMB45-66-5117-DEN,SMB5118151505,,S,2025-07-17,29,,120,,,,,28.27,0.0,3.3924000000000003,25,,
251084,IMB45-66-5111,IMB45-66-5111,SMB5112151504,,S,2025-07-17,29,,30,,,,,25.84,0.0,0.7752,25,,
251084,IMB544-5014 JNA,IMB5-44-5014-JNA,CC5014101005,,S,2025-07-17,29,,66,,,,,25.25,0.0,1.6665,25,,
251084,IMB45-66-5117-DEN,IMB45-66-5117-DEN,SMB5118151505,,S,2025-07-17,29,,,,600,,,28.27,0.0,16.962,25,,
,IMB45-66-5117-DEN,IMB45-66-5117-DEN,SMB5118151505,,N,2025-07-18,29,,,,660,,,28.27,0.0,18.6582,25,,
250672,IMB546-5016-JNA,IMB5-46-5016-JNA,SMB5016151005S,,S,2025-07-18,29,,,,22,,,24.54,0.0,0.53988,25,,
251084,IMB544-5014 JNA,IMB5-44-5014-JNA,CC5014101005,,S,2025-07-18,29,,66,,,,,25.25,0.0,1.6665,25,,
251330,IMB5-64-5113,IMB5-64-5113 JMOL (new),SMB5113515105S,,S,2025-07-18,29,,88,,,,,22.2,0.0,1.9536,25,,
251337,IMB4-44-4814CCC,IMB4-44-4814-CCC,SMF4814101004,,S,2025-07-18,29,,90,,,,,14.39,0.0,1.2951,25,,
,IMB4-44-4814CCC,IMB4-44-4814-CCC,SMF4814101004,,N,2025-07-19,29,,30,,,,,14.39,0.0,0.4317,25,,
251281,IMG3H-44-2516,IMG3H-33-2516,SMF2516757503G,,S,2025-07-19,29,,900,,1200,,,6.6,0.0,13.86,25,,
,IMG3H-44-2516,IMG3H-33-2516,SMF2516757503G,,N,2025-07-20,30,,1200,,,,,6.6,0.0,7.92,25,,
251337,IMB4-44-4814CCC,IMB4-44-4814-CCC,SMF4814101004,,S,2025-07-20,30,,,,500,,,14.39,0.0,7.195,25,,
,IMB4-44-4814CCC,IMB4-44-4814-CCC,SMF4814101004,,N,2025-07-21,30,,60,,,,,14.39,0.0,0.8634000000000001,25,,
251281,IMG3H-44-2516,IMG3H-33-2516,SMF2516757503G,,S,2025-07-21,30,,450,,700,,,6.6,0.0,7.59,25,,
251281,IMG3H-44-2516,IMG3H-33-2516,SMF2516757503G,,N,2025-07-22,30,,50,,1450,,,6.6,0.0,9.9,25,,
252134,IMG5H44-4524,IMG5H-44-4524,CCP45241010056G,,S,2025-07-22,30,,100,,,,,43.1,0.0,4.31,25,,
251337,IMB4-44-4814CCC,IMB4-44-4814-CCC,SMF4814101004,,S,2025-07-22,30,,179,,700,,,14.39,0.0,12.64881,25,,
251281,IMG3H-44-2516,IMG3H-33-2516,SMF2516757503G,,N,2025-07-23,30,,275,,750,,,6.6,0.0,6.765,25,,
Bal stock,IMB544-5716,IMB5-44-5716,SMF5716101005,,S,2025-07-23,30,,90,,,,,35.57,0.0,3.2013000000000003,25,,
Bal stock,IMB5-44-4814-JCR,IMB45-46-4814-JCR,SMB48141015045,,S,2025-07-23,30,,40,,,,,24.76,0.0,0.9904,25,,
251084,IMB544-5414 JCR,IMB5-44-5414 JCR,SMB5414101005C,,S,2025-07-23,30,,,,210,,,27.85,0.0,5.8485,25,,
251084,IMB45-66-5117-DEN,IMB45-66-5117-DEN,SMB5118151505,,N,2025-07-24,30,,30,,,,,28.27,0.0,0.8481000000000001,25,,
251543,IMLG5-64-5113,IMB5-64-5113 JMOL (new),SMB5113515105S,,S,2025-07-24,30,,,,638,,,22.2,0.0,14.1636,25,,
,IMLG5-64-5113,IMB5-64-5113 JMOL (new),SMB5113515105S,,N,2025-07-25,30,,154,,,,,22.2,0.0,3.4188,25,,
251084,IMB544-5414 JCR,IMB5-44-5414 JCR,SMB5414101005C,,S,2025-07-25,30,,225,,510,,,27.85,0.0,20.46975,25,,
,IMB544-5414 JCR,IMB5-44-5414 JCR,SMB5414101005C,,N,2025-07-26,30,,510,,510,,,27.85,0.0,28.407,25,,
,IMB544-5414 JCR,IMB5-44-5414 JCR,SMB5414101005C,,N,2025-07-27,31,,285,,,,,27.85,0.0,7.93725,25,,
252165,IMB3H44-2618,IMB3H44-2618-DAIR,SMF2618101003,,S,2025-07-27,31,,200,,800,,,5.98,0.0,5.98,25,,
251281,IMG3H-44-2516,IMG3H-33-2516,SMF2516757503G,,S,2025-07-27,31,,,,500,,,6.6,0.0,3.3,25,,
252134,IMG34-44-2415,IMG34-44-2415 JASH,SMF24151010034G,,N,2025-07-28,31,,800,,500,,,5.96,0.0,7.748,25,,
252165,IMB3H44-2618,IMB3H44-2618-DAIR,SMF2618101003,,S,2025-07-28,31,,,,550,,,5.98,0.0,3.2890000000000006,25,,
251330,IMB5-44-5716,IMB5-44-5716,SMF5716101005B,,S,2025-07-28,31,,,,150,,,35.57,0.0,5.3355,25,,
,IMB5-44-5716,IMB5-44-5716,SMF5716101005B,,N,2025-07-29,31,,300,,630,,,35.57,0.0,33.0801,25,,
,IMB5-44-5716,IMB5-44-5716,SMF5716101005B,,N,2025-07-30,31,,,,630,,,35.57,0.0,22.4091,25,,
252250,Ausro5.8m packing,OSH106H-5803,JOS5803B,,S,2025-07-30,31,,270,,,,,,0.0,0.0,25,,
251330,IMB5-44-5716,IMB5-44-5716,SMF5716101005B,,N,2025-07-31,31,,270,,600,,,35.57,0.0,30.9459,25,,
,IMB5-44-5716,IMB5-44-5716,SMF5716101005B,,N,2025-08-01,31,,,,630,,,35.57,0.0,22.4091,25,,
,IMB5-44-5716,IMB5-44-5716,SMF5716101005B,,N,2025-08-02,31,,510,,510,,,35.57,0.0,36.281400000000005,25,,
,IMB5-44-5716,IMB5-44-5716,SMF5716101005B,,N,2025-08-03,32,,420,,,,,35.57,0.0,14.9394,25,,
252250,Ausro5.8m packing,OSH106H-5803,JOS5803B,,S,2025-08-03,32,,130,,,,,,0.0,0.0,25,,
251543,IMB5-64-5113,IMB5-64-5113 JMOL (new),SMB5113515105S,,S,2025-08-03,32,,,,506,,,22.2,0.0,11.233199999999998,25,,
,IMB5-64-5113,IMB5-64-5113 JMOL (new),SMB5113515105S,,N,2025-08-04,32,,44,,,,,22.2,0.0,0.9768,25,,
251838,R500SL41 Packing,R500SL41,SL41,,S,2025-08-04,32,,275,,625,,,30.0,0.0,27.0,25,,
,,,,,N,2025-08-05,32,,700,,,,,30.0,0.0,21.0,25,,
251330,IMB5-44-5716,IMB5-44-5716,SMF5716101005B,,S,2025-08-05,32,,,,630,,,35.57,0.0,22.4091,25,,
,,,,,N,2025-08-06,32,,120,,630,,,,0.0,0.0,25,,
251838,R500SL41 Packing,R500SL41,SL41,,S,2025-08-06,32,,107,,,,,30.0,0.0,3.21,25,,
252250,Ausro5.8m packing,OSH106H-5803,JOS5803B,,S,2025-08-06,32,,40,,,,,,0.0,0.0,25,,
251084,IMB544-5414 JCR,IMB5-44-5414 JCR,SMB5414101005C,,N,2025-08-07,32,,60,,45,,,27.85,0.0,2.92425,25,,
251330,IMB5-44-5716,IMB5-44-5716,SMF5716101005B,,S,2025-08-07,32,,270,,600,,,35.57,0.0,30.9459,25,,
,,,,,N,2025-08-08,32,,,,630,,,,0.0,0.0,25,,
252134,IMG5H44-4824-packing,IMG5H-44-4824,CCP48241010056G,,S,2025-08-08,32,,300,,,,,45.9,0.0,13.77,25,,
251543,IMLG5-64-5113,IMB5-64-5113 JMOL (new),SMB5113515105S,,S,2025-08-08,32,,198,,,,,22.2,0.0,4.395599999999999,25,,
,,,,,N,2025-08-09,32,,,,506,,,22.2,0.0,11.233199999999998,25,,
251330,IMB5-44-5716,IMG5-44-5716,SMF5716101005G,,S,2025-08-09,32,,510,,,,,35.57,0.0,18.1407,25,,
251543,IMLG5-64-5113,IMB5-64-5113 JMOL (new),SMB5113515105S,,N,2025-08-10,33,,176,,,,,22.2,0.0,3.9072,25,,
252388,IMB4H44-5024,IMB4H-44-5024,SMB4H50241010,,S,2025-08-10,33,,325,,350,,,30.93,0.0,20.87775,25,,
,,,,,N,2025-08-11,33,,425,,500,,,30.93,0.0,28.61025,25,,
,,,,,N,2025-08-12,33,,325,,500,,,30.93,0.0,25.51725,25,,
,,,,,N,2025-08-13,33,,300,,325,,,30.93,0.0,19.33125,25,,
251543,IMLG5-64-5113,IMB5-64-5113 JMOL (new),SMB5113515105S,,S,2025-08-13,33,,,,154,,,22.2,0.0,3.4188,25,,
252134,IMB544-4824,IMB5-44-4824,CCP4824101005,,N,2025-08-14,33,,425,,500,,,36.6,0.0,33.855,25,,
,,,,,N,2025-08-15,33,,75,,,,,36.6,0.0,2.745,25,,
252388,IMB4H44-5024,IMB4H-44-5024,SMB4H50241010,,S,2025-08-15,33,,100,,,,,30.93,0.0,3.093,25,,
251330,IMG4D-66-3012,IMG4D-66-3012,SMESH300011704,,S,2025-08-15,33,,,,550,,,7.94,0.0,4.367,25,,
,,,,,N,2025-08-16,33,,450,,,,,7.94,0.0,3.573,25,,
252388,IMB4H44-5024,IMB4H-44-5024,SMB4H50241010,,S,2025-08-16,33,,,,21,,,30.93,0.0,0.6495299999999999,25,,
,,,,,N,2025-08-17,34,,,,,,,,0.0,0.0,25,,
,,,,,N,2025-08-18,34,,,,,,,,0.0,0.0,25,,
,,,,,N,2025-08-19,34,,,,,,,,0.0,0.0,25,,
,,,,,N,2025-08-20,34,,,,,,,,0.0,0.0,25,,
,,,,,N,2025-08-21,34,,,,,,,,0.0,0.0,25,,
,,,,,N,2025-08-22,34,,,,,,,,0.0,0.0,25,,
,,,,,N,2025-08-23,34,,,,,,,,0.0,0.0,25,,
,,,,,N,2025-08-24,35,,,,,,,,0.0,0.0,25,,
,,,,,N,2025-08-25,35,,,,,,,,0.0,0.0,25,,
,,,,,N,2025-08-26,35,,,,,,,,0.0,0.0,25,,
,,,,,N,2025-08-27,35,,,,,,,,0.0,0.0,25,,
,,,,,N,2025-08-28,35,,,,,,,,0.0,0.0,25,,
,,,,,N,2025-08-29,35,,,,,,,,0.0,0.0,25,,
,,,,,N,2025-08-30,35,,,,,,,,0.0,0.0,25,,
,,,,,N,2025-08-31,36,,,,,,,,0.0,0.0,25,,
,,,,,N,2025-09-01,36,,,,,,,,0.0,0.0,25,,
ST2084,251543,IMG4-44-2015-JNA,CC2015101004G,,N,2025-09-02,36,,400,,1500,,,6.15,0.0,11.685,25,,
,,,,,N,2025-09-03,36,,1000,,1600,,,6.15,0.0,15.990000000000002,25,,
,,,,,N,2025-09-04,36,,1400,,2300,,,6.15,0.0,22.755,25,,
,,,,,N,2025-09-05,36,,,,,,,,0.0,0.0,25,,
,,,,,N,2025-09-06,36,,200,,,,,6.15,0.0,1.23,25,,
,,,,,N,2025-09-07,37,,,,,,,,0.0,0.0,25,,
,,,,,N,2025-09-08,37,,,,,,,,0.0,0.0,25,,
ST2099,251956, IMGX4H4-44-5614-JMA,GXB5614101004G,,N,2025-09-09,37,,220,,480,,,22.73,0.0,15.911,25,,
,,,,,N,2025-09-10,37,,320,,560,,,22.73,0.0,20.0024,25,,
,,,,,N,2025-09-11,37,,280,,,,,22.73,0.0,6.364400000000001,25,,
ST2095,251956,IMG5-44-5716,SMF5716101005G,,S,2025-09-11,37,,trim 100pcs,,300,,,35.57,0.0,,25,,
,,,,,N,2025-09-12,37,,240,,510,,,35.57,0.0,26.6775,25,,
,,,,,N,2025-09-13,37,,,,300,,,35.57,0.0,10.671,25,,
,,,,,N,2025-09-14,38,,270,,270,,,35.57,0.0,19.2078,25,,
,,,,,N,2025-09-15,38,,,,,,,35.57,0.0,0.0,25,,
,,,,,N,2025-09-16,38,,,,,,,35.57,0.0,0.0,25,,
,,,,,N,2025-09-17,38,,,,360,,,35.57,0.0,12.8052,25,,
Brisbane,252545,IMG5H-44-4824,CCP48241010056G,,S,2025-09-17,38,,250,,50,,,45.9,0.0,13.77,25,,
Adelaide,251635,IMG5H-44-4024,CCP40241010056G,,S,2025-09-17,38,,,,200,,,39.1,0.0,7.82,25,,
ST2109,252249,IMG5-46-6011,SYARD601110155G,,N,2025-09-18,38,,400,,,,,18.8,0.0,7.52,25,,
ST2099,251956, IMGX4H4-44-5614-JMA,GXB5614101004G,,S,2025-09-18,38,,,,620,,,22.73,0.0,14.0926,25,,
,,,,,N,2025-09-19,38,,320,,600,,,22.73,0.0,20.911600000000004,25,,
ST2109,252249,IMG5-46-6011,SYARD601110155G,,N,2025-09-20,38,,,,400,,,18.8,0.0,7.52,25,,
,,,,,N,2025-09-21,39,,,,200,,,18.8,0.0,3.76,25,,
ST2114,252886,IMG55H-46-5017-JAS,SMB5018151005G,,S,2025-09-21,39,,,,200,,,22.2,0.0,4.44,25,,
,,,,,N,2025-09-22,39,,140,,160,,,22.2,0.0,6.66,25,,
Adelaide,251635,IMG5H-44-4024,CCP40241010056G,,S,2025-09-22,39,,225,,450,,,39.1,0.0,26.3925,25,,
251330,IMB5-44-5716,IMB5-44-5716,SMF5716101005B,,N,2025-09-23,39,,,,60,,,35.57,0.0,2.1342,25,,
ST2095,251956,IMG5-44-5716,SMF5716101005G,,S,2025-09-23,39,,270,,,,,35.57,0.0,9.6039,25,,
ST2099,251956, IMGX4H4-44-5614-JMA,GXB5614101004G,,N,2025-09-24,39,,,,360,,,22.73,0.0,8.1828,25,,
,,,,,S,2025-09-24,39,,120,,trim 250pcs,,,22.73,0.0,,25,,
251330,IMB5-44-5716,IMB5-44-5716,SMF5716101005B,,S,2025-09-24,39,,120,,,,,35.57,0.0,4.2684,25,,
ST2099,251956, IMGX4H4-44-5614-JMA,GXB5614101004G,,N,2025-09-25,39,,380,,100,,,22.73,0.0,10.9104,25,,
ST2114,252886,IMG55H-46-5017-JAS,SMB5018151005G,,S,2025-09-25,39,,,,240,,,22.2,0.0,5.328,25,,
ST2102,251956,IMGX4H4-46-5017-JAS,GXB501710154G,,N,2025-09-26,39,,120,,,,,19.72,0.0,2.3664,25,,
ST2114,252886,IMG55H-46-5017-JAS,SMB5018151005G,,N,2025-09-27,39,,280,,300,,,22.2,0.0,12.876,25,,
ST2099,251956, IMGX4H4-44-5614-JMA,GXB5614101004G,,S,2025-09-27,39,,120,,,,,22.73,0.0,2.7276,25,,
,,,,,N,2025-09-28,40,,,,,,,,0.0,0.0,25,,
ST2114,252886,IMG55H-46-5017-JAS,SMB5018151005G,,N,2025-09-29,40,,240,,300,,,22.2,0.0,11.988,25,,
ST2085,252134,IMG4-44-2015-JNA,CC2015101004G,,S,2025-09-29,40,,,,300,,,6.15,0.0,1.845,25,,
ST2103,252348,IMGX4H4-44-4811-JUL,GXB48111010VGU3,,N,2025-09-30,40,,300,,500,,,14.98,0.0,11.984,25,,
,,,,,N,2025-10-01,40,,300,,500,,,14.98,0.0,11.984,25,,
,,,,,N,2025-10-02,40,,175,,,,,14.98,0.0,2.6215,25,,
251330,IMB5-44-5716,IMB5-44-5716,SMF5716101005B,,S,2025-10-02,40,,30,,,,,35.57,0.0,1.0671,25,,
ST2095,251956,IMG5-44-5716,SMF5716101005G,,S,2025-10-02,40,,30,,,,,35.57,0.0,1.0671,25,,
ST2085,252134,IMG4-44-2015-JNA,CC2015101004G,,S,2025-10-02,40,,400,,1550,,,6.15,0.0,11.9925,25,,
ST2095,251956,IMG5-44-5716,SMF5716101005G,,N,2025-10-03,40,,90,,,,,35.57,0.0,3.2013000000000003,25,,
ST2102,251956,IMGX4H4-46-5017-JAS,GXB501710154G,,S,2025-10-03,40,,60,,,,,19.72,0.0,1.1831999999999998,25,,
,,,,,N,2025-10-04,40,,,,500,,,19.72,0.0,9.86,25,,
ST2085,252134,IMG4-44-2015-JNA,CC2015101004G,,S,2025-10-04,40,,700,,,,,6.15,0.0,4.305,25,,
,,,,,N,2025-10-05,41,,700,,800,,,6.15,0.0,9.225,25,,
,,,,,N,2025-10-06,41,,800,,1050,,,6.15,0.0,11.3775,25,,
ST2095,251956,IMG5-44-5716,SMF5716101005G,,S,2025-10-06,41,,90,,145,,,35.57,0.0,8.35895,25,,
ST2116,253122,IMB45-66-5111,SMB5112151504,,N,2025-10-07,41,,570,,510,,,12.26,0.0,13.2408,25,,
ST2103,252348,IMGX4H4-44-4811-JUL,GXB48111010VGU3,,N,2025-10-08,41,,100,,,,,14.98,0.0,1.498,25,,
ST2132,252744,IMG4-44-3024-JOA,SMF302410104GOC,,S,2025-10-08,41,,400,,650,,,14.74,0.0,15.477,25,,
,,,,,N,2025-10-09,41,,550,,200,,,14.74,0.0,11.055,25,,
ST2133,252743,IMB4-626-1117-JULW,SMF1711151504UW,,S,2025-10-09,41,,,,1200,,,3.15,0.0,3.78,25,,
,,,,,N,2025-10-10,41,,400,,,,,3.15,0.0,1.26,25,,
ST2085,252134,IMG4-44-2015-JNA,CC2015101004G,,S,2025-10-10,41,,100,,,,,6.15,0.0,0.615,25,,
ST2099,251956, IMGX4H4-44-5614-JMA,GXB5614101004G,,S,2025-10-10,41,,100,,,,,22.73,0.0,2.273,25,,
ST2115,252563,IMGX4H4-46-5012-JKE,GXB50121015VG,,S,2025-10-10,41,,50,,,,,14.63,0.0,0.7315,25,,
ST2125,252742,IMGX44H-44-5012-VGUW,GXB50121010VGUW,,S,2025-10-10,41,,,,510,,,15.78,0.0,8.047799999999999,25,,
ST2133,252743,IMB4-626-1117-JULW,SMF1711151504UW,,N,2025-10-11,41,,900,,1100,,,3.15,0.0,6.3,25,,
,,,,,N,2025-10-12,42,,700,,800,,,3.15,0.0,4.725,25,,
ST2103,252348,IMGX4H4-44-4811-JUL,GXB48111010VGU3,,S,2025-10-12,42,,75,,,,,14.98,0.0,1.1235,25,,
ST2133,252743,IMB4-626-1117-JULW,SMF1711151504UW,,N,2025-10-13,42,,900,,,,,3.15,0.0,2.835,25,,
ST2120,251786,IMB5-44-5014-JNA,CC5014101005,,S,2025-10-13,42,,,,550,,,25.25,0.0,13.8875,25,,
,,,,,N,2025-10-14,42,,130,,550,,,25.25,0.0,17.17,25,,
ST2103,252348,IMGX4H4-44-4811-JUL,GXB48111010VGU3,,S,2025-10-14,42,,25,,,,,14.98,0.0,0.3745,25,,
ST2115,252563,IMGX4H4-46-5012-JKE,GXB50121015VG,,S,2025-10-14,42,,50,,,,,14.63,0.0,0.7315,25,,
ST2121,252349,IMGX44H-44-5012-JOA,GXB50121010VGOC,,N,2025-10-15,42,,240,,400,,,14.26,0.0,9.1264,25,,
,,,,,N,2025-10-16,42,,200,,460,,,14.26,0.0,9.4116,25,,
ST2103,252348,IMGX4H4-44-4811-JUL,GXB48111010VGU3,,S,2025-10-16,42,,25,,,,,14.98,0.0,0.3745,25,,
ST2121,252349,IMGX44H-44-5012-JOA,GXB50121010VGOC,,N,2025-10-17,42,,300,,460,,,14.26,0.0,10.8376,25,,
251543,IMLG5-64-5113,IMB5-64-5113 JMOL (new),SMB5113515105S,,S,2025-10-17,42,,66,,,,,22.2,0.0,1.4652,25,,
ST2121,252349,IMGX44H-44-5012-JOA,GXB50121010VGOC,,N,2025-10-18,42,,20,,,,,14.26,0.0,0.2852,25,,
ST2125,252742,IMGX44H-44-5012-VGUW,GXB50121010VGUW,,S,2025-10-18,42,,330,,360,,,15.78,0.0,10.8882,25,,
,,,,,N,2025-10-19,43,,300,,,,,15.78,0.0,4.734,25,,
ST2126,252542,IMG34-44-2415 JASH,SMF24151010034G,,S,2025-10-19,43,,,,600,,,5.96,0.0,3.576,25,,
,,,,,N,2025-10-20,43,,,,1200,,,5.96,0.0,7.152,25,,
,,,,,N,2025-10-21,43,,500,,,,,5.96,0.0,2.98,25,,
ST2125,252742,IMGX44H-44-5012-VGUW,GXB50121010VGUW,,S,2025-10-21,43,,,,360,,,15.78,0.0,5.6808000000000005,25,,
,,,,,N,2025-10-22,43,,,,,,,15.78,0.0,0.0,25,,
ST2126,252542,IMG34-44-2415 JASH,SMF24151010034G,,S,2025-10-22,43,,300,,450,,,5.96,0.0,4.47,25,,
ST2121,252349,IMGX44H-44-5012-JOA,GXB50121010VGOC,,S,2025-10-22,43,,,,400,,,14.26,0.0,5.704,25,,
ST2138,253448,IMG3H-44-1716,SMF1716101003G,,N,2025-10-23,43,,300,,,,,3.53,0.0,1.059,25,,
ST2125,252742,IMGX44H-44-5012-VGUW,GXB50121010VGUW,,S,2025-10-23,43,,,,510,,,15.78,0.0,8.047799999999999,25,,
ST2121,252349,IMGX44H-44-5012-JOA,GXB50121010VGOC,,N,2025-10-24,43,,,,620,,,14.26,0.0,8.8412,25,,
,253497,JOS5803B,OSR106H-5808,,S,2025-10-24,43,,80,,,,,25.96,0.0,2.0768,25,,
ST2138,253448,IMG3H-44-1716,SMF1716101003G,,S,2025-10-24,43,,200,,,,,3.53,0.0,0.706,25,,
,,,,,N,2025-10-25,43,,400,,,,,3.53,0.0,1.412,25,,
ST2126,252542,IMG34-44-2415 JASH,SMF24151010034G,,S,2025-10-25,43,,100,,,,,5.96,0.0,0.596,25,,
ST2120,251786,IMB5-44-5014-JNA,CC5014101005,,S,2025-10-25,43,,,,396,,,25.25,0.0,9.999,25,,
ST2122,251543,IMB5-46-5016-JNA,SMB5016151005S,,S,2025-10-25,43,,,,110,,,24.54,0.0,2.6994,25,,
,,,,,N,2025-10-26,44,,,,506,,,24.54,0.0,12.41724,25,,
,,,,,N,2025-10-27,44,,,,506,,,24.54,0.0,12.41724,25,,
ST2138,253448,IMG3H-44-1716,SMF1716101003G,,N,2025-10-28,44,,400,,,,,3.53,0.0,1.412,25,,
ST2120,251786,IMB5-44-5014-JNA,CC5014101005,,S,2025-10-28,44,,,,60,,,25.25,0.0,1.515,25,,
ST2122,251543,IMB5-46-5016-JNA,SMB5016151005S,,S,2025-10-28,44,,,,330,,,24.54,0.0,8.0982,25,,
ST2125,252742,IMGX44H-44-5012-VGUW,GXB50121010VGUW,,S,2025-10-28,44,,,,180,,,15.78,0.0,2.8404000000000003,25,,
ST2121,252349,IMGX44H-44-5012-JOA,GXB50121010VGOC,,S,2025-10-28,44,,,,30,,,14.26,0.0,0.4278,25,,
ST2120,251786,IMB5-44-5014-JNA,CC5014101005,,N,2025-10-29,44,,17,,,,,25.25,0.0,0.42925,25,,
ST2138,253448,IMG3H-44-1716,SMF1716101003G,,S,2025-10-29,44,,200,,,,,3.53,0.0,0.706,25,,
ST2148,252907,IMG3H-33-2516,SMF2516757503G,,S,2025-10-29,44,,,,1225,,,6.6,0.0,8.085,25,,
,,,,,N,2025-10-30,44,,300,,,,,6.6,0.0,1.98,25,,
ST2138,253448,IMG3H-44-1716,SMF1716101003G,,S,2025-10-30,44,,36,,,,,3.53,0.0,0.12708,25,,
ST2117,252809,IMB4H-44-5024,SMB4H50241010,,S,2025-10-30,44,,,,600,,,30.93,0.0,18.558,25,,
ST2132,252492,IMG3H-44-2518,SMF2518101031G,,N,2025-10-31,44,,400,,525,,,30.93,0.0,28.61025,25,,
,,,,,N,2025-11-01,44,,800,,1000,,,5.77,0.0,10.386,25,,
,,,,,N,2025-11-02,45,,1150,,,,,5.77,0.0,6.6355,25,,
ST2149,253625,imb45-66-5111,SMB5112151504,,N,2025-11-03,45,,660,,,,,12.26,0.0,8.0916,25,,
,,,,,N,2025-11-04,45,,360,,,,,12.26,0.0,4.413600000000001,25,,
ST2132,252492,IMG3H-44-2518,SMF2518101031G,,S,2025-11-04,45,,50,,,,,5.77,0.0,0.2885,25,,
ST2117,252809,IMB4H-44-5024,SMB4H50241010,,S,2025-11-04,45,,75,,,,,30.93,0.0,2.31975,25,,
ST2125,252742,IMGX44H-44-5012-VGUW,GXB50121010VGUW,,S,2025-11-04,45,,90,,,,,15.78,0.0,1.4202,25,,
ST2147,252742,IMGX44H-44-5012-VGUW,GXB50121010VGUW,,N,2025-11-05,45,,90,,,,,15.78,0.0,1.4202,25,,
ST2117,252809,IMB4H-44-5024,SMB4H50241010,,S,2025-11-05,45,,75,,,,,30.93,0.0,2.31975,25,,
ST2140,252493,IMG3H-44-2516,SMF2516101031G,,S,2025-11-05,45,,25,,,,,5.14,0.0,0.1285,25,,
ST2138,253448,IMG3H-44-1716,SMF1716101003G,,S,2025-11-05,45,,100,,,,,3.53,0.0,0.353,25,,
ST2121,252349,IMGX44H-44-5012-JOA,GXB50121010VGOC,,N,2025-11-06,45,,80,,,,,14.26,0.0,1.1408,25,,
ST2147,252742,IMGX44H-44-5012-VGUW,GXB50121010VGUW,,S,2025-11-06,45,,540,,,,,15.78,0.0,8.521199999999999,25,,
,,,,,N,2025-11-07,45,,600,,,,,15.78,0.0,9.468,25,,
ST2149,253625,imb45-66-5111,SMB5112151504,,S,2025-11-07,45,,660,,,,,12.26,0.0,8.0916,25,,
JOS4003B,100009,JOS4003B,JOS4003B-packing,,S,2025-11-07,45,,60,,,,,17.69,0.0,1.0614,25,,
ST2161,252741,IMB4-66-2118-JUL,SMF2118151504U3,,N,2025-11-08,45,,1000,,700,,,5.95,0.0,10.115,25,,
,,,,,N,2025-11-09,46,,300,,,,,5.95,0.0,1.785,25,,
ST2147,252742,IMGX44H-44-5012-VGUW,GXB50121010VGUW,,S,2025-11-09,46,,330,,,,,15.78,0.0,5.2074,25,,
,,,,,N,2025-11-10,46,,660,,,,,15.78,0.0,10.4148,25,,
,,,,,N,2025-11-11,46,,520,,,,,15.78,0.0,8.2056,25,,
ST2167,253127,IMB4-44-2214,SMF2214101004,,S,2025-11-11,46,,500,,,,,6.43,0.0,3.215,25,,
,,,,,N,2025-11-12,46,,300,,,,,6.43,0.0,1.929,25,,
ST2164,252562,IMB4-44-4814-CCC,SMF4814101004,,S,2025-11-12,46,,500,,,,,14.39,0.0,7.195,25,,
,,,,,N,2025-11-13,46,,700,,,,,14.39,0.0,10.073,25,,
,,,,,N,2025-11-14,46,,260,,,,,14.39,0.0,3.7414,25,,
ST2167,253127,IMB4-44-2214,SMF2214101004,,S,2025-11-14,46,,1000,,,,,6.43,0.0,6.43,25,,
,,,,,N,2025-11-15,46,,200,,,,,6.43,0.0,1.286,25,,
JOS4003B,100009,JOS4003B,JOS4003B-packing,,S,2025-11-15,46,,120,,,,,17.69,0.0,2.1228,25,,
ST2140,252493,IMG3H-44-2516,SMF2516101031G,,S,2025-11-15,46,,900,,1250,,,5.14,0.0,11.051,25,,
,,,,,N,2025-11-16,47,,800,,,,,5.14,0.0,4.112,25,,
ST2162,253866,imb45-66-5111,SMB5112151504,,S,2025-11-16,47,,270,,,,,12.26,0.0,3.3102,25,,
,,,,,N,2025-11-17,47,,690,,,,,12.26,0.0,8.4594,25,,
ST2148,252907,IMG3H-33-2516,SMF2516757503G,,S,2025-11-17,47,,25,,,,,6.6,0.0,0.165,25,,
ST2162,253866,imb45-66-5111,SMB5112151504,,N,2025-11-18,47,,720,,,,,12.26,0.0,8.827200000000001,25,,
ST2161,252741,IMB4-66-2118-JUL,SMF2118151504U3,,S,2025-11-18,47,,,,700,,,5.95,0.0,4.165,25,,
ST2162,253866,imb45-66-5111,SMB5112151504,,N,2025-11-19,47,,630,,,,,12.26,0.0,7.7238,25,,
ST2109,252249,IMG5-46-6011,SYARD601110155G,,N,2025-11-20,47,,24,,,,,18.8,0.0,0.4512,25,,
ST2132,252744,IMG4-44-3024-JOA,SMF302410104GOC,,S,2025-11-20,47,,24,,,,,14.74,0.0,0.3537599999999999,25,,
ST2167,253127,IMB4-44-2214,SMF2214101004,,S,2025-11-20,47,,41,,,,,6.43,0.0,0.26363,25,,
ST2140,252493,IMG3H-44-2516,SMF2516101031G,,S,2025-11-20,47,,9,,,,,5.14,0.0,0.0462599999999999,25,,
251281,IMG3H-44-2516,IMG3H-33-2516,SMF2516757503G,,S,2025-11-20,47,,11,,,,,6.6,0.0,0.0726,25,,
ST2085,252134,IMG4-44-2015-JNA,CC2015101004G,,S,2025-11-20,47,,9,,,,,6.15,0.0,0.05535,25,,
ST2162,253866,imb45-66-5111,SMB5112151504,,N,2025-11-21,47,,660,,,,,12.26,0.0,8.0916,25,,
Seattle Nov Shipment,250600,IMG5H-44-4524,CCP45241010056G,,S,2025-11-21,47,,75,,,,,43.1,0.0,3.2325,25,,
ST2162,253866,imb45-66-5111,SMB5112151504,,N,2025-11-22,47,,450,,,,,12.26,0.0,5.517,25,,
ST2118,252810,IMB4H-44-5024,SMB4H50241010,,S,2025-11-22,47,,100,,300,,,30.93,0.0,12.372,25,,
,,,,,N,2025-11-23,48,,550,,,,,30.93,0.0,17.0115,25,,
,,,,,N,2025-11-24,48,,700,,,,,30.93,0.0,21.651,25,,
ST2119,252811,IMB4H-44-5024,SMB4H50241010,,N,2025-11-25,48,,700,,,,,30.93,0.0,21.651,25,,
,,,,,N,2025-11-26,48,,250,,,,,30.93,0.0,7.7325,25,,
Seattle Nov Shipment,250600,IMG5H-44-4524,CCP45241010056G,,S,2025-11-26,48,,45,,,,,43.1,0.0,1.9395,25,,
ST2147,252742,IMGX44H-44-5012-VGUW,GXB50121010VGUW,,S,2025-11-26,48,,150,,,,,15.78,0.0,2.367,25,,
,,,,,N,2025-11-27,48,,90,,,,,15.78,0.0,1.4202,25,,
ST2119,252811,IMB4H-44-5024,SMB4H50241010,,S,2025-11-27,48,,75,,,,,30.93,0.0,2.31975,25,,
ST2141,252544,IMB3H-44-2618-DAIR,SMF2618101003,,S,2025-11-27,48,,290,,,,,5.98,0.0,1.7342,25,,
,,,,,N,2025-11-28,48,,152,,,,,5.98,0.0,0.90896,25,,
,,,,,N,2025-11-29,48,,1058,,,,,5.98,0.0,6.32684,25,,
,,,,,N,2025-11-30,49,,450,,,,,5.98,0.0,2.691,25,,
ST2160,252636,IMB3H-44-2420-DCLA,SMF2420101003,,S,2025-11-30,49,,650,,,,,6.15,0.0,3.997500000000001,25,,
,,,,,N,2025-12-01,49,,650,,750,,,6.15,0.0,8.61,25,,
ST2141,252544,IMB3H-44-2618-DAIR,SMF2618101003,,S,2025-12-01,49,,50,,,,,5.98,0.0,0.299,25,,
250672,IMB546-5016-JNA,IMB5-46-5016-JNA,SMB5016151005S,,S,2025-12-01,49,,119,,,,,24.54,0.0,2.92026,25,,
ST2124,252543,IMB5-64-5113 JMOL (new),SMB5113515105S,,N,2025-12-02,49,,616,,264,,,22.2,0.0,19.536,25,,
ST2141,252544,IMB3H-44-2618-DAIR,SMF2618101003,,N,2025-12-03,49,,2400,,400,,,5.98,0.0,16.744,25,,
ST2159,253128,IMGX4H4-44-5614-JMA,GXB5614101004G,,S,2025-12-03,49,,180,,,,,24.22,0.0,4.3596,25,,
ST2124,252543,IMB5-64-5113 JMOL (new),SMB5113515105S,,S,2025-12-03,49,,,,352,,,22.2,0.0,7.8144,25,,
,,,,,N,2025-12-04,49,,682,,,,,22.2,0.0,15.1404,25,,
ST2159,253128,IMGX4H4-44-5614-JMA,GXB5614101004G,,S,2025-12-04,49,,,,320,,,24.22,0.0,7.7504,25,,
ST2160,252636,IMB3H-44-2420-DCLA,SMF2420101003,,S,2025-12-04,49,,,,50,,,6.15,0.0,0.3075,25,,
,,,,,N,2025-12-05,49,,1000,,150,,,6.15,0.0,7.0725,25,,
ST2159,253128,IMGX4H4-44-5614-JMA,GXB5614101004G,,S,2025-12-05,49,,60,,,,,24.22,0.0,1.4531999999999998,25,,
ST2174,252546,IMG4-44-2015,CC2015101004G,,S,2025-12-05,49,,,,600,,,6.15,0.0,3.69,25,,
,,,,,N,2025-12-06,49,,700,,1000,,,6.15,0.0,10.455,25,,
ST2159,253128,IMGX4H4-44-5614-JMA,GXB5614101004G,,S,2025-12-06,49,,35,,,,,24.22,0.0,0.8476999999999999,25,,
ST2124,252543,IMB5-64-5113 JMOL (new),SMB5113515105S,,S,2025-12-06,49,,44,,,,,22.2,0.0,0.9768,25,,
ST2143,253296,IMGX45-44-4812,GXB48121010VGDE,,S,2025-12-06,49,,50,,,,,18.07,0.0,0.9035,25,,
ST2160,252636,IMB3H-44-2420-DCLA,SMF2420101003,,N,2025-12-07,50,,34,,,,,6.15,0.0,0.2091,25,,
ST2174,252546,IMG4-44-2015,CC2015101004G,,S,2025-12-07,50,,1200,,,,,6.15,0.0,7.38,25,,
,,,,,N,2025-12-08,50,,1100,,1372,,,6.15,0.0,15.202800000000002,25,,
Adelaide,253428,IMG5H-44-4024,CCP40241010056G,,S,2025-12-08,50,,92,,,,,43.1,0.0,3.9652,25,,
ST2168,253626,IMGX44H-44-5012-JOA,GXB50121010VGOC,,N,2025-12-09,50,,640,,500,,,14.26,0.0,16.2564,25,,
,,,,,N,2025-12-10,50,,300,,640,,,14.26,0.0,13.4044,25,,
ST2175,253633,IMB4-626-1117-JULW,SMF1711151504UW,,S,2025-12-10,50,,500,,,,,3.15,0.0,1.575,25,,
,,,,,N,2025-12-11,50,,1500,,,,,3.15,0.0,4.725,25,,
ST2168,253626,IMGX44H-44-5012-JOA,GXB50121010VGOC,,S,2025-12-11,50,,,,500,,,14.26,0.0,7.13,25,,
,,,,,N,2025-12-12,50,,530,,,,,14.26,0.0,7.5578,25,,
ST2186,252543,IMB5-64-5113 JMOL (new),SMB5113515105S,,S,2025-12-12,50,,,,616,,,22.2,0.0,13.675199999999998,25,,
,,,,,N,2025-12-13,50,,484,,,,,22.2,0.0,10.7448,25,,
ST2175,253633,IMB4-626-1117-JULW,SMF1711151504UW,,S,2025-12-13,50,,63,,,,,3.15,0.0,0.19845,25,,
ST2182,253867,imb45-66-5111,SMB5112151504,,S,2025-12-13,50,,,,510,,,12.26,0.0,6.252599999999999,25,,
,,,,,N,2025-12-14,51,,600,,300,,,12.26,0.0,11.034,25,,
,,,,,N,2025-12-15,51,,750,,510,,,12.26,0.0,15.4476,25,,
,,,,,N,2025-12-16,51,,,,480,,,12.26,0.0,5.8848,25,,
ST2159,253128,IMGX45-44-5614 JMA ,GXB5614101004G,,S,2025-12-16,51,,540,,20,,,24.22,0.0,13.563199999999998,25,,
,,,,,N,2025-12-17,51,,360,,,,,24.22,0.0,8.719199999999999,25,,
ST2183,253628,IMG4-44-2015,CC2015101004G,,S,2025-12-17,51,,400,,933,,,6.15,0.0,8.19795,25,,
,,,,,N,2025-12-18,51,,950,,,,,6.15,0.0,5.8425,25,,
ST2159,253128,IMGX45-44-5614 JMA ,GXB5614101004G,,S,2025-12-18,51,,40,,80,,,24.22,0.0,2.9064,25,,
ST2182,253867,imb45-66-5111,SMB5112151504,,S,2025-12-18,51,,120,,,,,12.26,0.0,1.4712,25,,
ST2186,252543,IMB5-64-5113 JMOL (new),SMB5113515105S,,S,2025-12-18,51,,44,,66,,,22.2,0.0,2.442,25,,
,,,,,N,2025-12-19,51,,,,308,,,24.22,0.0,7.459759999999999,25,,
ST2159,253128,IMGX45-44-5614 JMA ,GXB5614101004G,,S,2025-12-19,51,,440,,70,,,24.22,0.0,12.352199999999998,25,,
ST2186,252543,IMB5-64-5113 JMOL (new),SMB5113515105S,,N,2025-12-20,51,,506,,,,,22.2,0.0,11.233199999999998,25,,
ST2183,253628,IMG4-44-2015,CC2015101004G,,S,2025-12-20,51,,,,400,,,6.15,0.0,2.46,25,,
,,,,,N,2025-12-21,52,,1200,,,,,6.15,0.0,7.38,25,,
,,,,,N,2025-12-22,52,,1000,,700,,,6.15,0.0,10.455,25,,
ST2168,253626,IMGX44H-44-5012-JOA,GXB50121010VGOC,,S,2025-12-22,52,,88,,,,,14.26,0.0,1.2548799999999998,25,,
ST2186,252543,IMB5-64-5113 JMOL (new),SMB5113515105S,,S,2025-12-22,52,,83,,,,,22.2,0.0,1.8426,25,,
,,,,,N,2025-12-23,52,,,,308,,,22.2,0.0,6.837599999999999,25,,
ST2183,253628,IMG4-44-2015,CC2015101004G,,S,2025-12-23,52,,33,,,,,6.15,0.0,0.20295,25,,
ST2159,253128,IMGX45-44-5614 JMA ,GXB5614101004G,,S,2025-12-23,52,,29,,,,,24.22,0.0,0.70238,25,,
ST2168,253626,IMGX44H-44-5012-JOA,GXB50121010VGOC,,S,2025-12-23,52,,37,,,,,14.26,0.0,0.52762,25,,
ST2190,253629,IMB5-44-5014-JNA,CC5014101005,,S,2025-12-23,52,,374,,,,,25.25,0.0,9.4435,25,,
,,,,,N,2025-12-24,52,,616,,,,,25.25,0.0,15.554,25,,
ST2186,252543,IMB5-64-5113 JMOL (new),SMB5113515105S,,S,2025-12-24,52,,,,308,,,22.2,0.0,6.837599999999999,25,,
,,,,,N,2025-12-25,52,,,,,,,,0.0,0.0,25,,
ST2189,253124,IMB45-66-5117-DEN,SMB5118151505,,N,2025-12-26,52,,660,,150,,,28.27,0.0,22.8987,25,,
ST2190,253629,IMB5-44-5014-JNA,CC5014101005,,N,2025-12-27,52,,264,,264,,,25.25,0.0,13.332,25,,
ST2189,253124,IMB45-66-5117-DEN,SMB5118151505,,N,2025-12-28,53,,240,,,,,28.27,0.0,6.784800000000001,25,,
ST2190,253629,IMB5-44-5014-JNA,CC5014101005,,S,2025-12-28,53,,440,,,,,25.25,0.0,11.11,25,,
,,,,,N,2025-12-29,53,,220,,,,,25.25,0.0,5.555,25,,
ST 2198,254073 - Cornwall,IMB4-44-4814-CCC,SMF4814101004,,S,2025-12-29,53,,200,,,,,14.39,0.0,2.878,25,,
ST2186,252543,IMB5-64-5113 JMOL (new),SMB5113515105S,,S,2025-12-29,53,,,,242,,,22.2,0.0,5.3724,25,,
,,,,,N,2025-12-30,53,,484,,,,,22.2,0.0,10.7448,25,,
ST2190,253629,IMB5-44-5014-JNA,CC5014101005,,S,2025-12-30,53,,66,,,,,25.25,0.0,1.6665,25,,
ST 2198,254073 - Cornwall,IMB4-44-4814-CCC,SMF4814101004,,S,2025-12-30,53,,160,,600,,,14.39,0.0,10.9364,25,,
,,,,,N,2025-12-31,53,,460,,,,,14.39,0.0,6.619400000000001,25,,
ST2190,253629,IMB5-44-5014-JNA,CC5014101005,,S,2025-12-31,53,,22,,,,,25.25,0.0,0.5555,25,,
ST2169,253631,IMGX4H4-44-4811-JUL,GXB48111010VGU3,,S,2025-12-31,53,,175,,250,,,14.98,0.0,6.3665,25,,
ST2197,254065 - molarben,IMB4-44-2214,SMF2214101004,,N,2026-01-01,1,,1500,,,,,6.43,0.0,9.645,25,,
,,,,,N,2026-01-02,1,,850,,500,,,6.43,0.0,8.6805,25,,
ST2189,253124,IMB45-66-5117-DEN,SMB5118151505,,S,2026-01-02,1,,30,,,,,28.27,0.0,0.8481000000000001,25,,
ST2169,253631,IMGX4H4-44-4811-JUL,GXB48111010VGU3,,N,2026-01-03,1,,500,,,,,14.98,0.0,7.49,25,,
,,,,,N,2026-01-04,2,,,,,,,,0.0,0.0,25,,
,,,,,N,2026-01-05,2,,225,,,,,14.98,0.0,3.3705,25,,
ST2186,252543,IMB5-64-5113 JMOL (new),SMB5113515105S,,S,2026-01-05,2,,110,,462,,,22.2,0.0,12.6984,25,,
ST2197,254065 - molarben,IMB4-44-2214,SMF2214101004,,S,2026-01-05,2,,150,,,,,6.43,0.0,0.9645,25,,
ST2208,254167 - DSI,IMB5-44-5716,SMF5716101005,,N,2026-01-06,2,,300,,210,,,35.57,0.0,18.1407,25,,
,,,,,N,2026-01-07,2,,390,,150,,,35.57,0.0,19.2078,25,,
ST2186,252543,IMB5-64-5113 JMOL (new),SMB5113515105S,,S,2026-01-07,2,,,,132,,,22.2,0.0,2.9304,25,,
,,IMG5H-44-4524,CCP30241010056G,,N,2026-01-08,2,,38,,,,,28.9,0.0,1.0982,25,,
ST2204,254973 - ensham,imb45-66-5111,SMB5112151504,,S,2026-01-08,2,,690,,330,,,12.26,0.0,12.5052,25,,
,,,,,N,2026-01-09,2,,570,,300,,,12.26,0.0,10.666199999999998,25,,
ST2169,253631,IMGX4H4-44-4811-JUL,GXB48111010VGU3,,S,2026-01-09,2,,25,,,,,14.98,0.0,0.3745,25,,
ST2208,254167 - DSI,IMB5-44-5716,SMF5716101005,,S,2026-01-09,2,,30,,,,,35.57,0.0,1.0671,25,,
ST2204,254973 - ensham,imb45-66-5111,SMB5112151504,,N,2026-01-10,2,,510,,,,,12.26,0.0,6.252599999999999,25,,
,,,,,N,2026-01-11,3,,510,,,,,12.26,0.0,6.252599999999999,25,,
,,,,,N,2026-01-12,3,,120,,,,,12.26,0.0,1.4712,25,,
ST2186,252543,IMB5-64-5113 JMOL (new),SMB5113515105S,,S,2026-01-12,3,,22,,,,,22.2,0.0,0.4884,25,,
ST2209,254592,IMB5-46-5016-JNA,SMB5016151005S,,S,2026-01-12,3,,440,,594,,,24.54,0.0,25.37436,25,,
,,,,,N,2026-01-13,3,,550,,,,,24.54,0.0,13.497,25,,
ST2186,252543,IMB5-64-5113 JMOL (new),SMB5113515105S,,S,2026-01-13,3,,,,440,,,22.2,0.0,9.768,25,,
,,,,,N,2026-01-14,3,,464,,286,,,22.2,0.0,16.65,25,,
ST 2198,254073 - Cornwall,IMB4-44-4814-CCC,SMF4814101004,trim only,S,2026-01-14,3,,19,,,,,14.39,0.0,0.27341,25,,
ST2190,253629,IMB5-44-5014-JNA,CC5014101005,trim only,S,2026-01-14,3,,18,,,,,25.25,0.0,0.4545,25,,
ST2184 Heavy Galv,254993,IMG3H-33-2516,SMF2516757503G,,N,2026-01-15,3,,1200,,1100,,,6.6,0.0,15.18,25,,
,,,,,N,2026-01-16,3,,1200,,100,,,6.6,0.0,8.58,25,,
ST2186,252543,IMB5-64-5113 JMOL (new),SMB5113515105S,,S,2026-01-16,3,,,,352,,,22.2,0.0,7.8144,25,,
ST2210,254979 - OAKEY ,IMGX44H-44-5012-JOA,GXB50121010VGOC,,S,2026-01-16,3,,,,200,,,14.26,0.0,2.852,25,,
,,,,,N,2026-01-17,3,,520,,430,,,14.26,0.0,13.547,25,,
,,,,,N,2026-01-18,4,,470,,125,,,14.26,0.0,8.4847,25,,
ST2184 Heavy Galv,254993,IMG3H-33-2516,SMF2516757503G,,S,2026-01-18,4,,,,400,,,6.6,0.0,2.64,25,,
,,,,,N,2026-01-19,4,,975,,375,,,6.6,0.0,8.91,25,,
ST2210,254979 - OAKEY ,IMGX44H-44-5012-JOA,GXB50121010VGOC,,S,2026-01-19,4,,,,200,,,14.26,0.0,2.852,25,,
,,,,,N,2026-01-20,4,,240,,300,,,14.26,0.0,7.700399999999999,25,,
,,,,,N,2026-01-21,4,,,,180,,,14.26,0.0,2.5668,25,,
ST2184 Heavy Galv,254993,IMG3H-33-2516,SMF2516757503G,,S,2026-01-21,4,,650,,600,,,6.6,0.0,8.25,25,,
ST2210,254979 - OAKEY ,IMGX44H-44-5012-JOA,GXB50121010VGOC,,N,2026-01-22,4,,650,,,,,14.26,0.0,9.269,25,,
ST2186,252543,IMB5-64-5113 JMOL (new),SMB5113515105S,,S,2026-01-22,4,,,,154,,,22.2,0.0,3.4188,25,,
ST2232,255302 - Ensham,IMB45-66-5117-DEN,SMB5118151505,,S,2026-01-22,4,,,,390,,,19.31,0.0,7.5309,25,,
,,,,,N,2026-01-23,4,,,,600,,,19.31,0.0,11.586,25,,
ST2210,254979 - OAKEY ,IMGX44H-44-5012-JOA,GXB50121010VGOC,,S,2026-01-23,4,,600,,,,,14.26,0.0,8.556,25,,
,,,,,N,2026-01-24,4,,,,430,,,14.26,0.0,6.1318,25,,
ST2219/2220/2221,254987 - ENSHAM,IMB45-421-5002-DEN,SMB5002101004,,S,2026-01-24,4,T-520,120,,,,,7.02,,0.8423999999999999,25,,
,,,,,N,2026-01-25,5,,,,,,,,0.0,0.0,25,,
,,,,,N,2026-01-26,5,,,,,,,,0.0,0.0,25,,
,,,,,N,2026-01-27,5,,,,,,,,0.0,0.0,25,,
,,,,,N,2026-01-28,5,,,,,,,,0.0,0.0,25,,
,,,,,N,2026-01-29,5,,,,,,,,0.0,0.0,25,,
,,,,,N,2026-01-30,5,,,,,,,,0.0,0.0,25,,
,,,,,N,2026-01-31,5,,,,,,,,0.0,0.0,25,,
,,,,,N,2026-02-01,6,,,,,,,,0.0,0.0,25,,
,,,,,N,2026-02-02,6,,,,,,,,0.0,0.0,25,,
,,,,,N,2026-02-03,6,,,,,,,,0.0,0.0,25,,
,,,,,N,2026-02-04,6,,,,,,,,0.0,0.0,25,,
,,,,,N,2026-02-05,6,,,,,,,,0.0,0.0,25,,
,,,,,N,2026-02-06,6,,,,,,,,0.0,0.0,25,,
,,,,,N,2026-02-07,6,,,,,,,,0.0,0.0,25,,
,,,,,N,2026-02-08,7,,,,,,,,0.0,0.0,25,,
,,,,,N,2026-02-09,7,,,,,,,,0.0,0.0,25,,
,,,,,N,2026-02-10,7,,,,,,,,0.0,0.0,25,,
,,,,,N,2026-02-11,7,,,,,,,,0.0,0.0,25,,
,,,,,N,2026-02-12,7,,,,,,,,0.0,0.0,25,,
,,,,,N,2026-02-13,7,,,,,,,,0.0,0.0,25,,
,,,,,N,2026-02-14,7,,,,,,,,0.0,0.0,25,,
,,,,,N,2026-02-15,8,,,,,,,,0.0,0.0,25,,
,,,,,N,2026-02-16,8,,,,,,,,0.0,0.0,25,,
,,,,,N,2026-02-17,8,,,,,,,,0.0,0.0,25,,
,,,,,N,2026-02-18,8,,,,,,,,0.0,0.0,25,,
,,,,,N,2026-02-19,8,,,,,,,,0.0,0.0,25,,
,,,,,N,2026-02-20,8,,,,,,,,0.0,0.0,25,,
,,,,,N,2026-02-21,8,,,,,,,,0.0,0.0,25,,
,,,,,N,2026-02-22,9,,,,,,,,0.0,0.0,25,,
,,,,,N,2026-02-23,9,,,,,,,,0.0,0.0,25,,
,,,,,N,2026-02-24,9,,,,,,,,0.0,0.0,25,,
,,,,,N,2026-02-25,9,,,,,,,,0.0,0.0,25,,
,,,,,N,2026-02-26,9,,,,,,,,0.0,0.0,25,,
,,,,,N,2026-02-27,9,,,,,,,,0.0,0.0,25,,
,,,,,N,2026-02-28,9,,,,,,,,0.0,0.0,25,,
,,,,,N,2026-03-01,10,,,,,,,,0.0,0.0,25,,
,,,,,N,2026-03-02,10,,,,,,,,0.0,0.0,25,,
,,,,,N,2026-03-03,10,,,,,,,,0.0,0.0,25,,
,,,,,N,2026-03-04,10,,,,,,,,0.0,0.0,25,,
,,,,,N,2026-03-05,10,,,,,,,,0.0,0.0,25,,
,,,,,N,2026-03-06,10,,,,,,,,0.0,0.0,25,,
,,,,,N,2026-03-07,10,,,,,,,,0.0,0.0,25,,
,,,,,N,2026-03-08,11,,,,,,,,0.0,0.0,25,,
,,,,,N,2026-03-09,11,,,,,,,,0.0,0.0,25,,
,,,,,N,2026-03-10,11,,,,,,,,0.0,0.0,25,,
,,,,,N,2026-03-11,11,,,,,,,,0.0,0.0,25,,
,,,,,N,2026-03-12,11,,,,,,,,0.0,0.0,25,,
,,,,,N,2026-03-13,11,,,,,,,,0.0,0.0,25,,
,,,,,N,2026-03-14,11,,,,,,,,0.0,0.0,25,,
,,,,,N,2026-03-15,12,,,,,,,,0.0,0.0,25,,
,,,,,N,2026-03-16,12,,,,,,,,0.0,0.0,25,,
,,,,,N,2026-03-17,12,,,,,,,,0.0,0.0,25,,
,,,,,N,2026-03-18,12,,,,,,,,0.0,0.0,25,,
,,,,,N,2026-03-19,12,,,,,,,,0.0,0.0,25,,
,,,,,N,2026-03-20,12,,,,,,,,0.0,0.0,25,,
,,,,,N,2026-03-21,12,,,,,,,,0.0,0.0,25,,
,,,,,N,2026-03-22,13,,,,,,,,0.0,0.0,25,,
,,,,,N,2026-03-23,13,,,,,,,,0.0,0.0,25,,
,,,,,N,2026-03-24,13,,,,,,,,0.0,0.0,25,,
,,,,,N,2026-03-25,13,,,,,,,,0.0,0.0,25,,
,,,,,N,2026-03-26,13,,,,,,,,0.0,0.0,25,,
,,,,,N,2026-03-27,13,,,,,,,,0.0,0.0,25,,
,,,,,N,2026-03-28,13,,,,,,,,0.0,0.0,25,,
,,,,,N,2026-03-29,14,,,,,,,,0.0,0.0,25,,
,,,,,N,2026-03-30,14,,,,,,,,0.0,0.0,25,,
,,,,,N,2026-03-31,14,,,,,,,,0.0,0.0,25,,
,,,,,N,2026-04-01,14,,,,,,,,0.0,0.0,25,,
,,,,,N,2026-04-02,14,,,,,,,,0.0,0.0,25,,
